4|Lowe|Jackie|Jackie.Lowe|1-394-897-6972|662837553_37345|14.02.2024 20:13:41|Manager||DataClient||
6|Balistreri|Margie|Margie25|1-588-486-6974|531941323_69447|14.02.2024 20:13:41|Manager||DataClient||
7|Gerhold|Penny|Penny_Gerhold|1-444-269-4365 x57534|531941323_69447|14.02.2024 20:13:41|Manager||DataClient||
8|Homenick|Doyle|Doyle_Homenick92|1-343-907-8056|531941323_69447|14.02.2024 20:13:41|Manager||DataClient||
9|Olson|Miguel|Miguel.Olson|1-638-884-0241|531941323_69447|14.02.2024 20:13:41|Manager||DataClient||
10|Gusikowski|Jennie|Jennie_Gusikowski71|979.307.6983|531941323_69447|14.02.2024 20:13:41|Manager||DataClient||
11|McClure|Dwayne|Dwayne_McClure92|1-386-930-3835|818985345_45023|14.02.2024 20:13:41|Manager||DataClient||
12|Borer|Rosemarie|Rosemarie.Borer99|1-457-309-6462 x35816|818985345_45023|14.02.2024 20:13:41|Manager||DataClient||
13|Gaylord|Samuel|Samuel.Gaylord33|1-693-504-5976|818985345_45023|14.02.2024 20:13:41|Manager||DataClient||
14|Welch|Amanda|Amanda77|1-524-261-9934 x5059|818985345_45023|14.02.2024 20:13:41|Manager||DataClient||
15|Bruen|Marvin|Marvin.Bruen40|1-301-487-9314 x558|818985345_45023|14.02.2024 20:13:41|Manager||DataClient||
16|Hessel|Ben|Ben.Hessel|(872) 622-9557 x716|306029366_20599|14.02.2024 20:13:41|Manager||DataClient||
17|Koelpin|Emily|Emily.Koelpin4|1-956-398-7685 x02836|306029366_20599|14.02.2024 20:13:41|Manager||DataClient||
18|McGlynn|Casey|Casey99|1-535-426-5392 x7505|306029366_20599|14.02.2024 20:13:41|Manager||DataClient||
19|Witting|Rene|Rene.Witting|1-628-472-1088|306029366_20599|14.02.2024 20:13:41|Manager||DataClient||
20|Johnston|Tami|Tami_Johnston|1-938-838-8092 x90546|306029366_20599|14.02.2024 20:13:41|Manager||DataClient||
21|Gerlach|Shaun|Shaun15|479.354.0585 x078|306029366_20599|14.02.2024 20:13:41|Manager||DataClient||
22|Hilpert|Keith|Keith_Hilpert0|1-404-401-8135 x3535|306029366_20599|14.02.2024 20:13:41|Manager||DataClient||
23|Romaguera|Benny|Benny.Romaguera|(442) 910-9577|462177158_28277|14.02.2024 20:13:41|Manager||DataClient||
24|Beatty|Clay|Clay56|1-203-921-3112 x4615|462177158_28277|14.02.2024 20:13:41|Manager||DataClient||
25|Funk|Desiree|Desiree59|1-943-322-9254 x258|462177158_28277|14.02.2024 20:13:41|Manager||DataClient||
26|Hahn|Gwen|Gwen24|1-410-600-2323|462177158_28277|14.02.2024 20:13:41|Manager||DataClient||
27|Olson|Cedric|Cedric_Olson|(913) 961-6473 x37869|462177158_28277|14.02.2024 20:13:41|Manager||DataClient||
28|Pfeffer|Paul|Paul53|(531) 573-3912 x366|462177158_28277|14.02.2024 20:13:41|Manager||DataClient||
29|Leuschke|Leland|Leland_Leuschke|1-929-813-2448 x705|462177158_28277|14.02.2024 20:13:41|Manager||DataClient||
30|Jaskolski|Daryl|Daryl_Jaskolski57|(580) 424-8902|331280928_60380|14.02.2024 20:13:41|Manager||DataClient||
31|Strosin|Blanca|Blanca32|(924) 299-3442|331280928_60380|14.02.2024 20:13:41|Manager||DataClient||
32|Fahey|Jody|Jody5|(487) 956-6310 x64339|331280928_60380|14.02.2024 20:13:41|Manager||DataClient||
33|Hettinger|Kathryn|Kathryn.Hettinger40|(434) 222-5127 x282|331280928_60380|14.02.2024 20:13:41|Manager||DataClient||
34|Kovacek|Lloyd|Lloyd.Kovacek|801-599-9702|618324950_35955|14.02.2024 20:13:41|Manager||DataClient||
35|Schinner|Kellie|Kellie.Schinner69|1-354-843-1142 x84703|618324950_35955|14.02.2024 20:13:41|Manager||DataClient||
36|Dach|Darrin|Darrin69|454.854.4968 x435|618324950_35955|14.02.2024 20:13:41|Manager||DataClient||
37|Bahringer|Rickey|Rickey_Bahringer55|763-231-2834|618324950_35955|14.02.2024 20:13:41|Manager||DataClient||
38|Bruen|Kari|Kari.Bruen|(797) 542-1454|105368972_11531|14.02.2024 20:13:41|Manager||DataClient||
39|Casper|Jessica|Jessica47|984-588-2613 x08596|105368972_11531|14.02.2024 20:13:41|Manager||DataClient||
40|Vandervort|Roman|Roman_Vandervort|(498) 428-9323 x66568|105368972_11531|14.02.2024 20:13:41|Manager||DataClient||
41|Wilderman|Brad|Brad.Wilderman47|(521) 286-8424 x53585|774472742_43634|14.02.2024 20:13:41|Manager||DataClient||
42|Wehner|Jacqueline|Jacqueline_Wehner2|327.637.1831 x6274|774472742_43634|14.02.2024 20:13:41|Manager||DataClient||
43|McCullough|Lynn|Lynn43|699.847.3496|774472742_43634|14.02.2024 20:13:41|Manager||DataClient||
44|Dibbert|Ignacio|Ignacio.Dibbert|201-230-7999|774472742_43634|14.02.2024 20:13:41|Manager||DataClient||
45|Reynolds|Nathan|Nathan_Reynolds|1-698-592-2712|774472742_43634|14.02.2024 20:13:41|Manager||DataClient||
46|Volkman|Pam|Pam5|827.305.2764 x89456|261516764_19209|14.02.2024 20:13:41|Manager||DataClient||
47|Labadie|Tracey|Tracey_Labadie83|612.326.9940 x28065|261516764_19209|14.02.2024 20:13:41|Manager||DataClient||
48|Ernser|Ted|Ted0|270-615-3373|261516764_19209|14.02.2024 20:13:41|Manager||DataClient||
49|Dickinson|Lucy|Lucy_Dickinson|(278) 522-1425|548560785_74785|14.02.2024 20:13:41|Manager||DataClient||
51|Franecki|Joseph|Joseph18|507.760.0671 x0627|548560785_74785|14.02.2024 20:13:41|Manager||DataClient||
52|Batz|Roxanne|Roxanne.Batz7|1-850-857-0420 x5426|548560785_74785|14.02.2024 20:13:41|Manager||DataClient||
53|Rice|Tiffany|Tiffany_Rice|1-689-747-1173 x1458|417664555_26888|14.02.2024 20:13:41|Manager||DataClient||
54|Streich|Sabrina|Sabrina_Streich5|(329) 696-2603 x4986|417664555_26888|14.02.2024 20:13:41|Manager||DataClient||
55|Jakubowski|Lorene|Lorene.Jakubowski71|1-234-668-5863|417664555_26888|14.02.2024 20:13:41|Manager||DataClient||
56|Senger|Lynda|Lynda_Senger27|793.912.3822 x05936|417664555_26888|14.02.2024 20:13:41|Manager||DataClient||
57|Veum|Emily|Emily.Veum23|669-501-3657|704708577_82463|14.02.2024 20:13:41|Manager||DataClient||
58|Bartell|Ollie|Ollie.Bartell49|1-767-916-0990 x4833|704708577_82463|14.02.2024 20:13:41|Manager||DataClient||
59|Ledner|Casey|Casey_Ledner|(922) 544-8943 x03887|704708577_82463|14.02.2024 20:13:41|Manager||DataClient||
60|Vandervort|Blanche|Blanche13|1-203-558-7865 x929|704708577_82463|14.02.2024 20:13:41|Manager||DataClient||
61|Schneider|Edmond|Edmond_Schneider|1-380-827-4389|704708577_82463|14.02.2024 20:13:41|Manager||DataClient||
62|Wiegand|Roosevelt|Roosevelt_Wiegand69|(735) 989-4428 x171|704708577_82463|14.02.2024 20:13:41|Manager||DataClient||
63|Dickens|Claudia|Claudia_Dickens|688.770.1026|573812347_34566|14.02.2024 20:13:41|Manager||DataClient||
64|Larkin|June|June_Larkin80|(728) 959-3131 x479|573812347_34566|14.02.2024 20:13:41|Manager||DataClient||
65|Green|Preston|Preston.Green55|1-902-808-9246 x2037|573812347_34566|14.02.2024 20:13:41|Manager||DataClient||
66|Heaney|Don|Don15|(600) 591-3484|573812347_34566|14.02.2024 20:13:41|Manager||DataClient||
67|Monahan|Anne|Anne_Monahan39|(393) 827-2356|860856369_10142|14.02.2024 20:13:41|Manager||DataClient||
68|Kris|Erik|Erik68|1-324-917-7769 x1527|860856369_10142|14.02.2024 20:13:41|Manager||DataClient||
69|Toy|Tara|Tara.Toy|720.799.8603|860856369_10142|14.02.2024 20:13:41|Manager||DataClient||
70|Schiller|Stacey|Stacey95|411.374.8900|860856369_10142|14.02.2024 20:13:41|Manager||DataClient||
71|Hane|Wilma|Wilma_Hane|(368) 915-1716 x862|860856369_10142|14.02.2024 20:13:41|Manager||DataClient||
72|Sauer|Violet|Violet89|620.879.0496 x2790|860856369_10142|14.02.2024 20:13:41|Manager||DataClient||
73|Jerde|Ellen|Ellen_Jerde69|534-557-1435 x870|347900391_65717|14.02.2024 20:13:41|Manager||DataClient||
74|Kunze|Phyllis|Phyllis.Kunze57|682-513-9635|347900391_65717|14.02.2024 20:13:41|Manager||DataClient||
75|Haag|Otis|Otis.Haag62|(530) 387-6907 x355|347900391_65717|14.02.2024 20:13:41|Manager||DataClient||
76|Rempel|Salvatore|Salvatore_Rempel48|(840) 250-9957|347900391_65717|14.02.2024 20:13:41|Manager||DataClient||
77|Armstrong|Casey|Casey_Armstrong|1-602-580-0859|217004161_17820|14.02.2024 20:13:41|Manager||DataClient||
78|Reilly|Paul|Paul_Reilly|(906) 746-7141 x151|217004161_17820|14.02.2024 20:13:41|Manager||DataClient||
79|Runolfsdottir|Erin|Erin69|442.231.8131|217004161_17820|14.02.2024 20:13:41|Manager||DataClient||
80|Runolfsson|Sandra|Sandra.Runolfsson4|985-380-8698 x0240|217004161_17820|14.02.2024 20:13:41|Manager||DataClient||
81|Marvin|Shari|Shari_Marvin|404-342-6214|217004161_17820|14.02.2024 20:13:41|Manager||DataClient||
82|Rath|Glenda|Glenda65|1-597-861-2436 x1284|217004161_17820|14.02.2024 20:13:41|Manager||DataClient||
83|Carroll|Wilfred|Wilfred_Carroll|1-876-937-9655 x55707|504048183_73396|14.02.2024 20:13:41|Manager||DataClient||
84|Botsford|Margie|Margie_Botsford|658.266.0377|504048183_73396|14.02.2024 20:13:41|Manager||DataClient||
85|Grimes|Evan|Evan_Grimes|272-919-7128 x0922|504048183_73396|14.02.2024 20:13:41|Manager||DataClient||
86|Monahan|Mark|Mark_Monahan0|1-594-437-5436 x85343|504048183_73396|14.02.2024 20:13:41|Manager||DataClient||
87|Howe|Jessie|Jessie_Howe47|412.311.3789|791092204_48971|14.02.2024 20:13:41|Manager||DataClient||
88|Herzog|Heather|Heather15|510.535.9488 x6078|791092204_48971|14.02.2024 20:13:41|Manager||DataClient||
89|Renner|Ernest|Ernest.Renner16|218.742.5726 x76978|791092204_48971|14.02.2024 20:13:41|Manager||DataClient||
90|Wintheiser|Sophia|Sophia8|876-363-4691|791092204_48971|14.02.2024 20:13:41|Manager||DataClient||
91|Rodriguez|Felix|Felix61|(305) 315-1595 x7489|791092204_48971|14.02.2024 20:13:41|Manager||DataClient||
92|Boehm|Douglas|Douglas.Boehm69|(833) 718-3629|660195974_81074|14.02.2024 20:13:41|Manager||DataClient||
93|Tromp|Ed|Ed95|414.240.1048 x04600|660195974_81074|14.02.2024 20:13:41|Manager||DataClient||
94|Kiehn|Kirk|Kirk_Kiehn|(525) 526-7573|660195974_81074|14.02.2024 20:13:41|Manager||DataClient||
95|Leffler|Kendra|Kendra.Leffler22|1-630-725-1377|660195974_81074|14.02.2024 20:13:41|Manager||DataClient||
96|Cormier|Pamela|Pamela.Cormier96|(623) 897-4306 x9271|660195974_81074|14.02.2024 20:13:41|Manager||DataClient||
97|Cole|Edwin|Edwin.Cole8|617.294.8746 x7778|660195974_81074|14.02.2024 20:13:41|Manager||DataClient||
98|Grant|Kurt|Kurt34|1-286-234-0010|147239996_56650|14.02.2024 20:13:41|Manager||DataClient||
99|Pagac|Gerardo|Gerardo68|820-548-5272|147239996_56650|14.02.2024 20:13:41|Manager||DataClient||
101|new|Allison|Allison.Vandervort75|874.438.8241 x137|863497947_46413|14.02.2024 20:13:41|Manager||DataClient||
102|new|Allison|Allison.Vandervort75|874.438.8241 x137|863497947_46413|14.02.2024 20:13:41|Manager||DataClient||
103|new|Allison|Allison.Vandervort75|874.438.8241 x137|863497947_46413|14.02.2024 20:13:41|Manager||DataClient||
104|new|Allison|Allison.Vandervort75|874.438.8241 x137|863497947_46413|14.02.2024 20:13:41|Manager||DataClient||
105|new|Allison|Allison.Vandervort75|874.438.8241 x137|863497947_46413|14.02.2024 20:13:41|Manager||DataClient||
106|new|Allison|Allison.Vandervort75|874.438.8241 x137|863497947_46413|14.02.2024 20:13:41|Manager||DataClient||
107|new|Allison|Allison.Vandervort75|874.438.8241 x137|863497947_46413|14.02.2024 20:13:41|Manager||DataClient||
108|Vandervort|Allison|Allison.Vandervort75|874.438.8241 x137|863497947_46413|14.02.2024 20:13:41|Manager||DataClient||
109|Vandervort|Allison|Allison.Vandervort75|874.438.8241 x137|863497947_46413|14.02.2024 20:13:41|Manager||DataClient||
110|Vandervort|Allison|Allison.Vandervort75|874.438.8241 x137|863497947_46413|14.02.2024 20:13:41|Manager||DataClient||
111|Vandervort|Allison|Allison.Vandervort75|874.438.8241 x137|863497947_46413|14.02.2024 20:13:41|Manager||DataClient||
112|;;';'|Allison|Allison.Vandervort75|874.438.8241 x137|863497947_46413|14.02.2024 20:13:41|Manager||DataClient||
113|;;';'|Allison|Allison.Vandervort75|874.438.8241 x137|863497947_46413|14.02.2024 20:13:41|Manager||DataClient||
114|;;';'|Allison|Allison.Vandervort75|874.438.8241 x137|863497947_46413|14.02.2024 20:13:41|Manager||DataClient||
115|Bergnaum|Bonnie|Bonnie.Bergnaum62|(369) 227-2995|531941323_69447|14.02.2024 20:13:41|Manager||DataClient||
116|Bergnaum|Bonnie|Bonnie.Bergnaum62|(369) 227-2995|531941323_69447|14.02.2024 20:13:41|Manager||DataClient||
117|Bergnaum|Bonnie|Bonnie.Bergnaum62|(369) 227-2995|531941323_69447|14.02.2024 20:13:41|Manager||DataClient||
118|Bergnaum|Bonnie|Bonnie.Bergnaum62|(369) 227-2995|531941323_69447|14.02.2024 20:13:41|Manager||DataClient||
119|Vandervort|Allison|Allison.Vandervort75|874.438.8241 x137|863497947_46413|14.02.2024 20:13:41|Manager||DataClient||
120|Vandervort|Allison|Allison.Vandervort75|874.438.8241 x137|863497947_46413|14.02.2024 20:13:41|Manager||DataClient||
121|Vandervort|Allison|Allison.Vandervort75|874.438.8241 x137|863497947_46413|14.02.2024 20:13:41|Manager||DataClient||
122|Vande|Allison|Allison.Vandervort75|874.438.8241 x137|863497947_46413|14.02.2024 20:13:41|Manager||DataClient||
123|Vande|Allis|Allison.Vandervort75|874.438.8241 x137|863497947_46413|14.02.2024 20:13:41|Manager||DataClient||
124|Bergnaum|Bonnie|Bonnie.Bergnaum62|(369) 227-2995|531941323_69447|14.02.2024 20:13:41|Manager||DataClient||
125|Bergnaum|Bonnie|Bonnie.Bergnaum62|(369) 227-2995|531941323_69447|14.02.2024 20:13:41|Manager||DataClient||
126|Jakubowski|Lorene|Lorene.Jakubowski71|1-234-668-5863|417664555_26888|14.02.2024 20:13:41|Manager||DataClient||
127|Jakubowski|Lorene|Lorene.Jakubowski71|1-234-668-5863|417664555_26888|14.02.2024 20:13:41|Manager||DataClient||
128|Jakubowski|Lorene|Lorene.Jakubowski71|1-234-668-5863|417664555_26888|14.02.2024 20:13:41|Manager||DataClient||
129|Gleason|Lynn|Lynn8|498.867.0231 x313|548560785_74785|14.02.2024 20:13:41|Manager||DataClient||
130|Gleason|Lynn|Lynn8|498.867.0231 x313|548560785_74785|14.02.2024 20:13:41|Manager||DataClient||
131|Gleason|Lynn|Lynn8|498.867.0231 x313|548560785_74785|14.02.2024 20:13:41|Manager||DataClient||
132|Gleason|Lynn|Lynn8|498.867.0231 x313|548560785_74785|14.02.2024 20:13:41|Manager||DataClient||
133|Gleason|Lynn|Lynn8|498.867.0231 x313|548560785_74785|14.02.2024 20:13:41|Manager||DataClient||
134|Gleason|Lynn|Lynn8|498.867.0231 x313|548560785_74785|14.02.2024 20:13:41|Manager||DataClient||
135|Gleason|Lynn|Lynn8|498.867.0231 x313|548560785_74785|14.02.2024 20:13:41|Manager||DataClient||
136|Gleason|Lynn|Lynn8|498.867.0231 x313|548560785_74785|14.02.2024 20:13:41|Manager||DataClient||
137|Gleason|Lynn|Lynn8|498.867.0231 x313|548560785_74785|14.02.2024 20:13:41|Manager||DataClient||
138|Gleason|Lynn|Lynn8|498.867.0231 x313|548560785_74785|14.02.2024 20:13:41|Manager||DataClient||
139|Gleason|Lynn|Lynn8|498.867.0231 x313|548560785_74785|14.02.2024 20:13:41|Manager||DataClient||
140|Gleason|Lynn|Lynn8|498.867.0231 x313|548560785_74785|14.02.2024 20:13:41|Manager||DataClient||
141|Gleason|Lynn|Lynn8|498.867.0231 x313|548560785_74785|14.02.2024 20:13:41|Manager||DataClient||
142|Gleason|Lynn|Lynn8|498.867.0231 x313|548560785_74785|14.02.2024 20:13:41|Manager||DataClient||
143|Gleason|Lynn|Lynn8|498.867.0231 x313|548560785_74785|14.02.2024 20:13:41|Manager||DataClient||
144|Gleason|Lynn|Lynn8|498.867.0231 x313|548560785_74785|14.02.2024 20:13:41|Manager||DataClient||
145|Gleason|Lynn|Lynn8|498.867.0231 x313|548560785_74785|14.02.2024 20:13:41|Manager||DataClient||
146|Gleason|Lynn|Lynn8|498.867.0231 x313|548560785_74785|14.02.2024 20:13:41|Manager||DataClient||
147|Gleason|Lynn|Lynn8|498.867.0231 x313|548560785_74785|14.02.2024 20:13:41|Manager||DataClient||
148|Gleason|Lynn|Lynn8|498.867.0231 x313|548560785_74785|14.02.2024 20:13:41|Manager||DataClient||
149|Gleason|Lynn|Lynn8|498.867.0231 x313|548560785_74785|14.02.2024 20:13:41|Manager||DataClient||
150|Gleason|Lynn|Lynn8|498.867.0231 x313|548560785_74785|14.02.2024 20:13:41|Manager||DataClient||
151|Gleason|Lynn|Lynn8|498.867.0231 x313|548560785_74785|14.02.2024 20:13:41|Manager||DataClient||
152|Gleason|Lynn|Lynn8|498.867.0231 x313|548560785_74785|14.02.2024 20:13:41|Manager||DataClient||
153|Gleason|Lynn|Lynn8|498.867.0231 x313|548560785_74785|14.02.2024 20:13:41|Manager||DataClient||
154|Gleason|Lynn|Lynn8|498.867.0231 x313|548560785_74785|14.02.2024 20:13:41|Manager||DataClient||
155|Gleason|Lynn|Lynn8|498.867.0231 x313|548560785_74785|14.02.2024 20:13:41|Manager||DataClient||
156|Gleason|Lynn|Lynn8|498.867.0231 x313|548560785_74785|14.02.2024 20:13:41|Manager||DataClient||
157|Gleason|Lynn|Lynn8|498.867.0231 x313|548560785_74785|14.02.2024 20:13:41|Manager||DataClient||
158|Gleason|Lynn|Lynn8|498.867.0231 x313|548560785_74785|14.02.2024 20:13:41|Manager||DataClient||
159|Gleason|Lynn|Lynn8|498.867.0231 x313|548560785_74785|14.02.2024 20:13:41|Manager||DataClient||
160|Gleason|Lynn|Lynn8|498.867.0231 x313|548560785_74785|14.02.2024 20:13:41|Manager||DataClient||
161|Gleason|Lynn|Lynn8|498.867.0231 x313|548560785_74785|14.02.2024 20:13:41|Manager||DataClient||
162|Gleason|Lynn|Lynn8|498.867.0231 x313|548560785_74785|14.02.2024 20:13:41|Manager||DataClient||
163|Gleason|Lynn|Lynn8|498.867.0231 x313|548560785_74785|14.02.2024 20:13:41|Manager||DataClient||
164|Gleason|Lynn|Lynn8|498.867.0231 x313|548560785_74785|14.02.2024 20:13:41|Manager||DataClient||
165|Gleason|Lynn|Lynn8|498.867.0231 x313|548560785_74785|14.02.2024 20:13:41|Manager||DataClient||
166|Gleason|Lynn|Lynn8|498.867.0231 x313|548560785_74785|14.02.2024 20:13:41|Manager||DataClient||
167|Gleason|Lynn|Lynn8|498.867.0231 x313|548560785_74785|14.02.2024 20:13:41|Manager||DataClient||
168|Gleason|Lynn|Lynn8|498.867.0231 x313|548560785_74785|14.02.2024 20:13:41|Manager||DataClient||
169|Gleason|Lynn|Lynn8|498.867.0231 x313|548560785_74785|14.02.2024 20:13:41|Manager||DataClient||
170|Gleason|Lynn|Lynn8|498.867.0231 x313|548560785_74785|14.02.2024 20:13:41|Manager||DataClient||
171|Gleason|Lynn|Lynn8|498.867.0231 x313|548560785_74785|14.02.2024 20:13:41|Manager||DataClient||
172|Gleason|Lynn|Lynn8|498.867.0231 x313|548560785_74785|14.02.2024 20:13:41|Manager||DataClient||
173|Gleason|Lynn|Lynn8|498.867.0231 x313|548560785_74785|14.02.2024 20:13:41|Manager||DataClient||
174|Gleason|Lynn|Lynn8|498.867.0231 x313|548560785_74785|14.02.2024 20:13:41|Manager||DataClient||
175|Gleason|Lynn|Lynn8|498.867.0231 x313|548560785_74785|14.02.2024 20:13:41|Manager||DataClient||
176|Gleason|Lynn|Lynn8|498.867.0231 x313|548560785_74785|14.02.2024 20:13:41|Manager||DataClient||
177|Gleason|Lynn|Lynn8|498.867.0231 x313|548560785_74785|14.02.2024 20:13:41|Manager||DataClient||
178|Gleason|Lynn|Lynn8|498.867.0231 x313|548560785_74785|14.02.2024 20:13:41|Manager||DataClient||
179|Gleason|Lynn|Lynn8|498.867.0231 x313|548560785_74785|14.02.2024 20:13:41|Manager||DataClient||
180|Gleason|Lynn|Lynn8|498.867.0231 x313|548560785_74785|14.02.2024 20:13:41|Manager||DataClient||
181|Gleason|Lynn|Lynn8|498.867.0231 x313|548560785_74785|14.02.2024 20:13:41|Manager||DataClient||
182|Gleason|Lynn|Lynn8|498.867.0231 x313|548560785_74785|14.02.2024 20:13:41|Manager||DataClient||
183|Gleason|Lynn|Lynn8|498.867.0231 x313|548560785_74785|14.02.2024 20:13:41|Manager||DataClient||
184|Gleason|Lynn|Lynn8|498.867.0231 x313|548560785_74785|14.02.2024 20:13:41|Manager||DataClient||
185|Gleason|Lynn|Lynn8|498.867.0231 x313|548560785_74785|14.02.2024 20:13:41|Manager||DataClient||
186|Gleason|Lynn|Lynn8|498.867.0231 x3|548560785_74785|14.02.2024 20:13:41|Manager||DataClient||
187||||||14.02.2024 20:13:41|Manager||DataClient||
188|Gleason|Lynn|Lynn8|498.867.0231 x313|548560785_74785|14.02.2024 20:13:41|Manager||DataClient||
189|Gleason|Lynn|Lynn8|498.867.0231 x313|548560785_74785|14.02.2024 20:13:41|Manager||DataClient||
190|new|Allison|Allison.Vandervort75|874.438.8241 x137|863497947_46413|14.02.2024 20:13:41|Manager||DataClient||
